interaction_type,slate_type,slate_size,display_position,exposures,clicks,click_through_rate
recommendation,Recommendations,1,1,7894,289,0.03661
recommendation,Recommendations,2,1,24447,371,0.015176
recommendation,Recommendations,2,2,24447,366,0.014971
recommendation,Recommendations,3,1,37634,684,0.018175
recommendation,Recommendations,3,2,37634,658,0.017484
recommendation,Recommendations,3,3,37634,628,0.016687
recommendation,Recommendations,4,1,95316,7688,0.080658
recommendation,Recommendations,4,2,95316,7013,0.073576
recommendation,Recommendations,4,3,95316,6755,0.07087
recommendation,Recommendations,4,4,95316,4500,0.047211
recommendation,Recommendations,5,1,18075,1878,0.1039
recommendation,Recommendations,5,2,18075,1771,0.097981
recommendation,Recommendations,5,3,18075,1726,0.095491
recommendation,Recommendations,5,4,18075,1742,0.096376
recommendation,Recommendations,5,5,18075,1762,0.097483
recommendation,Recommendations,6,1,51307,5936,0.115696
recommendation,Recommendations,6,2,51307,5744,0.111954
recommendation,Recommendations,6,3,51307,5631,0.109751
recommendation,Recommendations,6,4,51307,5666,0.110433
recommendation,Recommendations,6,5,51307,5429,0.105814
recommendation,Recommendations,6,6,51307,5131,0.100006
recommendation,Recommendations,7,1,8185,994,0.121442
recommendation,Recommendations,7,2,8185,929,0.1135
recommendation,Recommendations,7,3,8185,885,0.108125
recommendation,Recommendations,7,4,8185,842,0.102871
recommendation,Recommendations,7,5,8185,782,0.095541
recommendation,Recommendations,7,6,8185,772,0.094319
recommendation,Recommendations,7,7,8185,724,0.088454
recommendation,Recommendations,8,1,18562,2220,0.119599
recommendation,Recommendations,8,2,18562,2135,0.11502
recommendation,Recommendations,8,3,18562,2008,0.108178
recommendation,Recommendations,8,4,18562,1911,0.102952
recommendation,Recommendations,8,5,18562,1752,0.094386
recommendation,Recommendations,8,6,18562,1706,0.091908
recommendation,Recommendations,8,7,18562,1629,0.08776
recommendation,Recommendations,8,8,18562,1602,0.086305
recommendation,Recommendations,9,1,34849,3638,0.104393
recommendation,Recommendations,9,2,34849,3485,0.100003
recommendation,Recommendations,9,3,34849,3417,0.098052
recommendation,Recommendations,9,4,34849,3240,0.092973
recommendation,Recommendations,9,5,34849,3108,0.089185
recommendation,Recommendations,9,6,34849,2994,0.085914
recommendation,Recommendations,9,7,34849,2857,0.081982
recommendation,Recommendations,9,8,34849,2805,0.08049
recommendation,Recommendations,9,9,34849,2721,0.07808
recommendation,Recommendations,10,1,19245,2186,0.113588
recommendation,Recommendations,10,2,19245,2046,0.106313
recommendation,Recommendations,10,3,19245,1865,0.096908
recommendation,Recommendations,10,4,19245,1781,0.092544
recommendation,Recommendations,10,5,19245,1635,0.084957
recommendation,Recommendations,10,6,19245,1544,0.080229
recommendation,Recommendations,10,7,19245,1478,0.076799
recommendation,Recommendations,10,8,19245,1336,0.069421
recommendation,Recommendations,10,9,19245,1308,0.067966
recommendation,Recommendations,10,10,19245,1174,0.061003
recommendation,Recommendations,11,1,7269,679,0.09341
recommendation,Recommendations,11,2,7269,647,0.089008
recommendation,Recommendations,11,3,7269,644,0.088595
recommendation,Recommendations,11,4,7269,566,0.077865
recommendation,Recommendations,11,5,7269,588,0.080891
recommendation,Recommendations,11,6,7269,517,0.071124
recommendation,Recommendations,11,7,7269,540,0.074288
recommendation,Recommendations,11,8,7269,508,0.069886
recommendation,Recommendations,11,9,7269,468,0.064383
recommendation,Recommendations,11,10,7269,464,0.063833
recommendation,Recommendations,11,11,7269,447,0.061494
recommendation,Recommendations,12,1,18254,1600,0.087652
recommendation,Recommendations,12,2,18254,1552,0.085022
recommendation,Recommendations,12,3,18254,1435,0.078613
recommendation,Recommendations,12,4,18254,1441,0.078942
recommendation,Recommendations,12,5,18254,1371,0.075107
recommendation,Recommendations,12,6,18254,1351,0.074011
recommendation,Recommendations,12,7,18254,1305,0.071491
recommendation,Recommendations,12,8,18254,1260,0.069026
recommendation,Recommendations,12,9,18254,1268,0.069464
recommendation,Recommendations,12,10,18254,1185,0.064917
recommendation,Recommendations,12,11,18254,1211,0.066342
recommendation,Recommendations,12,12,18254,1138,0.062343
recommendation,Recommendations,13,1,4757,501,0.105318
recommendation,Recommendations,13,2,4757,440,0.092495
recommendation,Recommendations,13,3,4757,399,0.083876
recommendation,Recommendations,13,4,4757,358,0.075258
recommendation,Recommendations,13,5,4757,350,0.073576
recommendation,Recommendations,13,6,4757,314,0.066008
recommendation,Recommendations,13,7,4757,316,0.066428
recommendation,Recommendations,13,8,4757,251,0.052764
recommendation,Recommendations,13,9,4757,267,0.056128
recommendation,Recommendations,13,10,4757,233,0.04898
recommendation,Recommendations,13,11,4757,241,0.050662
recommendation,Recommendations,13,12,4757,225,0.047299
recommendation,Recommendations,13,13,4757,219,0.046037
recommendation,Recommendations,14,1,9115,786,0.086231
recommendation,Recommendations,14,2,9115,681,0.074712
recommendation,Recommendations,14,3,9115,596,0.065387
recommendation,Recommendations,14,4,9115,597,0.065496
recommendation,Recommendations,14,5,9115,513,0.056281
recommendation,Recommendations,14,6,9115,546,0.059901
recommendation,Recommendations,14,7,9115,597,0.065496
recommendation,Recommendations,14,8,9115,583,0.063961
recommendation,Recommendations,14,9,9115,621,0.068129
recommendation,Recommendations,14,10,9115,616,0.067581
recommendation,Recommendations,14,11,9115,560,0.061437
recommendation,Recommendations,14,12,9115,529,0.058036
recommendation,Recommendations,14,13,9115,487,0.053428
recommendation,Recommendations,14,14,9115,444,0.048711
recommendation,Recommendations,15,1,12157,907,0.074607
recommendation,Recommendations,15,2,12157,864,0.07107
recommendation,Recommendations,15,3,12157,737,0.060624
recommendation,Recommendations,15,4,12157,731,0.06013
recommendation,Recommendations,15,5,12157,688,0.056593
recommendation,Recommendations,15,6,12157,670,0.055112
recommendation,Recommendations,15,7,12157,685,0.056346
recommendation,Recommendations,15,8,12157,725,0.059636
recommendation,Recommendations,15,9,12157,776,0.063832
recommendation,Recommendations,15,10,12157,807,0.066382
recommendation,Recommendations,15,11,12157,766,0.063009
recommendation,Recommendations,15,12,12157,726,0.059719
recommendation,Recommendations,15,13,12157,684,0.056264
recommendation,Recommendations,15,14,12157,647,0.05322
recommendation,Recommendations,15,15,12157,585,0.04812
recommendation,Recommendations,16,1,7345,580,0.078965
recommendation,Recommendations,16,2,7345,515,0.070116
recommendation,Recommendations,16,3,7345,444,0.060449
recommendation,Recommendations,16,4,7345,370,0.050374
recommendation,Recommendations,16,5,7345,379,0.0516
recommendation,Recommendations,16,6,7345,380,0.051736
recommendation,Recommendations,16,7,7345,376,0.051191
recommendation,Recommendations,16,8,7345,403,0.054867
recommendation,Recommendations,16,9,7345,438,0.059632
recommendation,Recommendations,16,10,7345,480,0.065351
recommendation,Recommendations,16,11,7345,445,0.060585
recommendation,Recommendations,16,12,7345,407,0.055412
recommendation,Recommendations,16,13,7345,358,0.048741
recommendation,Recommendations,16,14,7345,360,0.049013
recommendation,Recommendations,16,15,7345,328,0.044656
recommendation,Recommendations,16,16,7345,301,0.04098
recommendation,Recommendations,17,1,6494,421,0.064829
recommendation,Recommendations,17,2,6494,412,0.063443
recommendation,Recommendations,17,3,6494,395,0.060825
recommendation,Recommendations,17,4,6494,332,0.051124
recommendation,Recommendations,17,5,6494,304,0.046812
recommendation,Recommendations,17,6,6494,308,0.047428
recommendation,Recommendations,17,7,6494,298,0.045889
recommendation,Recommendations,17,8,6494,322,0.049584
recommendation,Recommendations,17,9,6494,380,0.058516
recommendation,Recommendations,17,10,6494,378,0.058208
recommendation,Recommendations,17,11,6494,355,0.054666
recommendation,Recommendations,17,12,6494,372,0.057284
recommendation,Recommendations,17,13,6494,335,0.051586
recommendation,Recommendations,17,14,6494,351,0.05405
recommendation,Recommendations,17,15,6494,287,0.044195
recommendation,Recommendations,17,16,6494,259,0.039883
recommendation,Recommendations,17,17,6494,275,0.042347
recommendation,Recommendations,18,1,11162,790,0.070776
recommendation,Recommendations,18,2,11162,670,0.060025
recommendation,Recommendations,18,3,11162,580,0.051962
recommendation,Recommendations,18,4,11162,555,0.049722
recommendation,Recommendations,18,5,11162,545,0.048826
recommendation,Recommendations,18,6,11162,505,0.045243
recommendation,Recommendations,18,7,11162,506,0.045332
recommendation,Recommendations,18,8,11162,539,0.048289
recommendation,Recommendations,18,9,11162,591,0.052948
recommendation,Recommendations,18,10,11162,595,0.053306
recommendation,Recommendations,18,11,11162,595,0.053306
recommendation,Recommendations,18,12,11162,624,0.055904
recommendation,Recommendations,18,13,11162,658,0.05895
recommendation,Recommendations,18,14,11162,526,0.047124
recommendation,Recommendations,18,15,11162,506,0.045332
recommendation,Recommendations,18,16,11162,497,0.044526
recommendation,Recommendations,18,17,11162,463,0.04148
recommendation,Recommendations,18,18,11162,462,0.04139
recommendation,Recommendations,19,1,7249,571,0.078769
recommendation,Recommendations,19,2,7249,450,0.062078
recommendation,Recommendations,19,3,7249,428,0.059043
recommendation,Recommendations,19,4,7249,363,0.050076
recommendation,Recommendations,19,5,7249,294,0.040557
recommendation,Recommendations,19,6,7249,305,0.042075
recommendation,Recommendations,19,7,7249,310,0.042765
recommendation,Recommendations,19,8,7249,308,0.042489
recommendation,Recommendations,19,9,7249,347,0.047869
recommendation,Recommendations,19,10,7249,338,0.046627
recommendation,Recommendations,19,11,7249,407,0.056146
recommendation,Recommendations,19,12,7249,421,0.058077
recommendation,Recommendations,19,13,7249,370,0.051042
recommendation,Recommendations,19,14,7249,339,0.046765
recommendation,Recommendations,19,15,7249,321,0.044282
recommendation,Recommendations,19,16,7249,261,0.036005
recommendation,Recommendations,19,17,7249,247,0.034074
recommendation,Recommendations,19,18,7249,238,0.032832
recommendation,Recommendations,19,19,7249,220,0.030349
recommendation,Recommendations,20,1,44827,3373,0.075245
recommendation,Recommendations,20,2,44827,2943,0.065652
recommendation,Recommendations,20,3,44827,2445,0.054543
recommendation,Recommendations,20,4,44827,2172,0.048453
recommendation,Recommendations,20,5,44827,1872,0.041761
recommendation,Recommendations,20,6,44827,1727,0.038526
recommendation,Recommendations,20,7,44827,1626,0.036273
recommendation,Recommendations,20,8,44827,1679,0.037455
recommendation,Recommendations,20,9,44827,1786,0.039842
recommendation,Recommendations,20,10,44827,2070,0.046178
recommendation,Recommendations,20,11,44827,2248,0.050148
recommendation,Recommendations,20,12,44827,2408,0.053718
recommendation,Recommendations,20,13,44827,2378,0.053048
recommendation,Recommendations,20,14,44827,2244,0.050059
recommendation,Recommendations,20,15,44827,2088,0.046579
recommendation,Recommendations,20,16,44827,1812,0.040422
recommendation,Recommendations,20,17,44827,1615,0.036027
recommendation,Recommendations,20,18,44827,1454,0.032436
recommendation,Recommendations,20,19,44827,1280,0.028554
recommendation,Recommendations,20,20,44827,1120,0.024985
recommendation,Recommendations,21,1,7540,461,0.061141
recommendation,Recommendations,21,2,7540,400,0.05305
recommendation,Recommendations,21,3,7540,346,0.045889
recommendation,Recommendations,21,4,7540,376,0.049867
recommendation,Recommendations,21,5,7540,322,0.042706
recommendation,Recommendations,21,6,7540,327,0.043369
recommendation,Recommendations,21,7,7540,328,0.043501
recommendation,Recommendations,21,8,7540,268,0.035544
recommendation,Recommendations,21,9,7540,317,0.042042
recommendation,Recommendations,21,10,7540,309,0.040981
recommendation,Recommendations,21,11,7540,306,0.040584
recommendation,Recommendations,21,12,7540,360,0.047745
recommendation,Recommendations,21,13,7540,365,0.048408
recommendation,Recommendations,21,14,7540,340,0.045093
recommendation,Recommendations,21,15,7540,302,0.040053
recommendation,Recommendations,21,16,7540,347,0.046021
recommendation,Recommendations,21,17,7540,348,0.046154
recommendation,Recommendations,21,18,7540,311,0.041247
recommendation,Recommendations,21,19,7540,249,0.033024
recommendation,Recommendations,21,20,7540,283,0.037533
recommendation,Recommendations,21,21,7540,283,0.037533
recommendation,Recommendations,22,1,4161,285,0.068493
recommendation,Recommendations,22,2,4161,230,0.055275
recommendation,Recommendations,22,3,4161,216,0.051911
recommendation,Recommendations,22,4,4161,200,0.048065
recommendation,Recommendations,22,5,4161,174,0.041817
recommendation,Recommendations,22,6,4161,182,0.043739
recommendation,Recommendations,22,7,4161,156,0.037491
recommendation,Recommendations,22,8,4161,135,0.032444
recommendation,Recommendations,22,9,4161,145,0.034847
recommendation,Recommendations,22,10,4161,157,0.037731
recommendation,Recommendations,22,11,4161,162,0.038933
recommendation,Recommendations,22,12,4161,189,0.045422
recommendation,Recommendations,22,13,4161,211,0.050709
recommendation,Recommendations,22,14,4161,222,0.053353
recommendation,Recommendations,22,15,4161,197,0.047344
recommendation,Recommendations,22,16,4161,169,0.040615
recommendation,Recommendations,22,17,4161,161,0.038693
recommendation,Recommendations,22,18,4161,155,0.037251
recommendation,Recommendations,22,19,4161,146,0.035088
recommendation,Recommendations,22,20,4161,124,0.029801
recommendation,Recommendations,22,21,4161,110,0.026436
recommendation,Recommendations,22,22,4161,123,0.02956
recommendation,Recommendations,23,1,4129,262,0.063454
recommendation,Recommendations,23,2,4129,227,0.054977
recommendation,Recommendations,23,3,4129,203,0.049164
recommendation,Recommendations,23,4,4129,177,0.042868
recommendation,Recommendations,23,5,4129,183,0.044321
recommendation,Recommendations,23,6,4129,158,0.038266
recommendation,Recommendations,23,7,4129,162,0.039235
recommendation,Recommendations,23,8,4129,157,0.038024
recommendation,Recommendations,23,9,4129,155,0.037539
recommendation,Recommendations,23,10,4129,149,0.036086
recommendation,Recommendations,23,11,4129,148,0.035844
recommendation,Recommendations,23,12,4129,183,0.044321
recommendation,Recommendations,23,13,4129,169,0.04093
recommendation,Recommendations,23,14,4129,165,0.039961
recommendation,Recommendations,23,15,4129,189,0.045774
recommendation,Recommendations,23,16,4129,184,0.044563
recommendation,Recommendations,23,17,4129,168,0.040688
recommendation,Recommendations,23,18,4129,163,0.039477
recommendation,Recommendations,23,19,4129,143,0.034633
recommendation,Recommendations,23,20,4129,108,0.026156
recommendation,Recommendations,23,21,4129,126,0.030516
recommendation,Recommendations,23,22,4129,132,0.031969
recommendation,Recommendations,23,23,4129,112,0.027125
recommendation,Recommendations,24,1,7266,376,0.051748
recommendation,Recommendations,24,2,7266,355,0.048858
recommendation,Recommendations,24,3,7266,360,0.049546
recommendation,Recommendations,24,4,7266,306,0.042114
recommendation,Recommendations,24,5,7266,306,0.042114
recommendation,Recommendations,24,6,7266,308,0.042389
recommendation,Recommendations,24,7,7266,266,0.036609
recommendation,Recommendations,24,8,7266,255,0.035095
recommendation,Recommendations,24,9,7266,260,0.035783
recommendation,Recommendations,24,10,7266,257,0.03537
recommendation,Recommendations,24,11,7266,288,0.039637
recommendation,Recommendations,24,12,7266,277,0.038123
recommendation,Recommendations,24,13,7266,328,0.045142
recommendation,Recommendations,24,14,7266,292,0.040187
recommendation,Recommendations,24,15,7266,310,0.042664
recommendation,Recommendations,24,16,7266,281,0.038673
recommendation,Recommendations,24,17,7266,267,0.036746
recommendation,Recommendations,24,18,7266,266,0.036609
recommendation,Recommendations,24,19,7266,261,0.035921
recommendation,Recommendations,24,20,7266,239,0.032893
recommendation,Recommendations,24,21,7266,234,0.032205
recommendation,Recommendations,24,22,7266,224,0.030829
recommendation,Recommendations,24,23,7266,226,0.031104
recommendation,Recommendations,24,24,7266,214,0.029452
search,Search,1,1,53484,22680,0.424052
search,Search,2,1,111599,31493,0.282198
search,Search,2,2,111599,31329,0.280728
search,Search,3,1,121555,29470,0.242442
search,Search,3,2,121555,29270,0.240796
search,Search,3,3,121555,29159,0.239883
search,Search,4,1,136394,28107,0.206072
search,Search,4,2,136394,28001,0.205295
search,Search,4,3,136394,27985,0.205178
search,Search,4,4,136394,27725,0.203271
search,Search,5,1,102666,17918,0.174527
search,Search,5,2,102666,17925,0.174595
search,Search,5,3,102666,17618,0.171605
search,Search,5,4,102666,17574,0.171176
search,Search,5,5,102666,17782,0.173202
search,Search,6,1,149174,21923,0.146963
search,Search,6,2,149174,22018,0.147599
search,Search,6,3,149174,21622,0.144945
search,Search,6,4,149174,21638,0.145052
search,Search,6,5,149174,21435,0.143691
search,Search,6,6,149174,21874,0.146634
search,Search,7,1,47549,6147,0.129277
search,Search,7,2,47549,6113,0.128562
search,Search,7,3,47549,6167,0.129698
search,Search,7,4,47549,5934,0.124798
search,Search,7,5,47549,6072,0.1277
search,Search,7,6,47549,6161,0.129572
search,Search,7,7,47549,5997,0.126123
search,Search,8,1,55500,6245,0.112523
search,Search,8,2,55500,6412,0.115532
search,Search,8,3,55500,6483,0.116811
search,Search,8,4,55500,6291,0.113351
search,Search,8,5,55500,6323,0.113928
search,Search,8,6,55500,6207,0.111838
search,Search,8,7,55500,6237,0.112378
search,Search,8,8,55500,6131,0.110468
search,Search,9,1,50197,5161,0.102815
search,Search,9,2,50197,5162,0.102835
search,Search,9,3,50197,5250,0.104588
search,Search,9,4,50197,5128,0.102157
search,Search,9,5,50197,5153,0.102656
search,Search,9,6,50197,4959,0.098791
search,Search,9,7,50197,4937,0.098352
search,Search,9,8,50197,4985,0.099309
search,Search,9,9,50197,4954,0.098691
search,Search,10,1,47133,4465,0.094732
search,Search,10,2,47133,4375,0.092822
search,Search,10,3,47133,4378,0.092886
search,Search,10,4,47133,4323,0.091719
search,Search,10,5,47133,4367,0.092653
search,Search,10,6,47133,4330,0.091868
search,Search,10,7,47133,4178,0.088643
search,Search,10,8,47133,4306,0.091358
search,Search,10,9,47133,4251,0.090192
search,Search,10,10,47133,4266,0.09051
search,Search,11,1,39837,3446,0.086502
search,Search,11,2,39837,3273,0.08216
search,Search,11,3,39837,3343,0.083917
search,Search,11,4,39837,3428,0.086051
search,Search,11,5,39837,3345,0.083967
search,Search,11,6,39837,3339,0.083817
search,Search,11,7,39837,3289,0.082561
search,Search,11,8,39837,3347,0.084017
search,Search,11,9,39837,3272,0.082135
search,Search,11,10,39837,3226,0.08098
search,Search,11,11,39837,3214,0.080679
search,Search,12,1,50533,4050,0.080146
search,Search,12,2,50533,3951,0.078187
search,Search,12,3,50533,3843,0.076049
search,Search,12,4,50533,3888,0.07694
search,Search,12,5,50533,3890,0.076979
search,Search,12,6,50533,3818,0.075555
search,Search,12,7,50533,3770,0.074605
search,Search,12,8,50533,3805,0.075297
search,Search,12,9,50533,3954,0.078246
search,Search,12,10,50533,3833,0.075851
search,Search,12,11,50533,3907,0.077316
search,Search,12,12,50533,3785,0.074902
search,Search,13,1,21240,1514,0.071281
search,Search,13,2,21240,1553,0.073117
search,Search,13,3,21240,1436,0.067608
search,Search,13,4,21240,1468,0.069115
search,Search,13,5,21240,1503,0.070763
search,Search,13,6,21240,1438,0.067702
search,Search,13,7,21240,1502,0.070716
search,Search,13,8,21240,1506,0.070904
search,Search,13,9,21240,1425,0.06709
search,Search,13,10,21240,1388,0.065348
search,Search,13,11,21240,1487,0.070009
search,Search,13,12,21240,1473,0.06935
search,Search,13,13,21240,1483,0.069821
search,Search,14,1,23977,1554,0.064812
search,Search,14,2,23977,1519,0.063352
search,Search,14,3,23977,1500,0.06256
search,Search,14,4,23977,1598,0.066647
search,Search,14,5,23977,1597,0.066605
search,Search,14,6,23977,1548,0.064562
search,Search,14,7,23977,1537,0.064103
search,Search,14,8,23977,1619,0.067523
search,Search,14,9,23977,1555,0.064854
search,Search,14,10,23977,1607,0.067023
search,Search,14,11,23977,1556,0.064896
search,Search,14,12,23977,1518,0.063311
search,Search,14,13,23977,1648,0.068733
search,Search,14,14,23977,1496,0.062393
search,Search,15,1,22051,1402,0.06358
search,Search,15,2,22051,1329,0.060269
search,Search,15,3,22051,1325,0.060088
search,Search,15,4,22051,1345,0.060995
search,Search,15,5,22051,1370,0.062129
search,Search,15,6,22051,1346,0.06104
search,Search,15,7,22051,1364,0.061857
search,Search,15,8,22051,1320,0.059861
search,Search,15,9,22051,1441,0.065349
search,Search,15,10,22051,1337,0.060632
search,Search,15,11,22051,1335,0.060541
search,Search,15,12,22051,1248,0.056596
search,Search,15,13,22051,1344,0.06095
search,Search,15,14,22051,1312,0.059498
search,Search,15,15,22051,1317,0.059725
search,Search,16,1,21113,1326,0.062805
search,Search,16,2,21113,1254,0.059395
search,Search,16,3,21113,1253,0.059347
search,Search,16,4,21113,1243,0.058874
search,Search,16,5,21113,1188,0.056269
search,Search,16,6,21113,1190,0.056363
search,Search,16,7,21113,1171,0.055463
search,Search,16,8,21113,1194,0.056553
search,Search,16,9,21113,1223,0.057926
search,Search,16,10,21113,1166,0.055227
search,Search,16,11,21113,1232,0.058353
search,Search,16,12,21113,1195,0.0566
search,Search,16,13,21113,1192,0.056458
search,Search,16,14,21113,1207,0.057169
search,Search,16,15,21113,1173,0.055558
search,Search,16,16,21113,1175,0.055653
search,Search,17,1,19595,1055,0.05384
search,Search,17,2,19595,1042,0.053177
search,Search,17,3,19595,1076,0.054912
search,Search,17,4,19595,1065,0.054351
search,Search,17,5,19595,1086,0.055422
search,Search,17,6,19595,1072,0.054708
search,Search,17,7,19595,1035,0.05282
search,Search,17,8,19595,1051,0.053636
search,Search,17,9,19595,1075,0.054861
search,Search,17,10,19595,1055,0.05384
search,Search,17,11,19595,1008,0.051442
search,Search,17,12,19595,1153,0.058842
search,Search,17,13,19595,1052,0.053687
search,Search,17,14,19595,1072,0.054708
search,Search,17,15,19595,1052,0.053687
search,Search,17,16,19595,1065,0.054351
search,Search,17,17,19595,1018,0.051952
search,Search,18,1,18680,1034,0.055353
search,Search,18,2,18680,935,0.050054
search,Search,18,3,18680,958,0.051285
search,Search,18,4,18680,920,0.049251
search,Search,18,5,18680,939,0.050268
search,Search,18,6,18680,921,0.049304
search,Search,18,7,18680,930,0.049786
search,Search,18,8,18680,919,0.049197
search,Search,18,9,18680,947,0.050696
search,Search,18,10,18680,966,0.051713
search,Search,18,11,18680,925,0.049518
search,Search,18,12,18680,990,0.052998
search,Search,18,13,18680,948,0.050749
search,Search,18,14,18680,994,0.053212
search,Search,18,15,18680,948,0.050749
search,Search,18,16,18680,992,0.053105
search,Search,18,17,18680,910,0.048715
search,Search,18,18,18680,906,0.048501
search,Search,19,1,14877,766,0.051489
search,Search,19,2,14877,701,0.04712
search,Search,19,3,14877,709,0.047657
search,Search,19,4,14877,724,0.048666
search,Search,19,5,14877,680,0.045708
search,Search,19,6,14877,707,0.047523
search,Search,19,7,14877,717,0.048195
search,Search,19,8,14877,739,0.049674
search,Search,19,9,14877,731,0.049136
search,Search,19,10,14877,708,0.04759
search,Search,19,11,14877,713,0.047926
search,Search,19,12,14877,697,0.046851
search,Search,19,13,14877,748,0.050279
search,Search,19,14,14877,717,0.048195
search,Search,19,15,14877,716,0.048128
search,Search,19,16,14877,693,0.046582
search,Search,19,17,14877,697,0.046851
search,Search,19,18,14877,676,0.045439
search,Search,19,19,14877,707,0.047523
search,Search,20,1,15344,716,0.046663
search,Search,20,2,15344,730,0.047576
search,Search,20,3,15344,698,0.04549
search,Search,20,4,15344,693,0.045164
search,Search,20,5,15344,647,0.042166
search,Search,20,6,15344,638,0.04158
search,Search,20,7,15344,720,0.046924
search,Search,20,8,15344,677,0.044121
search,Search,20,9,15344,701,0.045686
search,Search,20,10,15344,720,0.046924
search,Search,20,11,15344,716,0.046663
search,Search,20,12,15344,723,0.047119
search,Search,20,13,15344,719,0.046859
search,Search,20,14,15344,714,0.046533
search,Search,20,15,15344,728,0.047445
search,Search,20,16,15344,691,0.045034
search,Search,20,17,15344,775,0.050508
search,Search,20,18,15344,667,0.04347
search,Search,20,19,15344,672,0.043796
search,Search,20,20,15344,678,0.044187
search,Search,21,1,13148,570,0.043353
search,Search,21,2,13148,569,0.043277
search,Search,21,3,13148,568,0.0432
search,Search,21,4,13148,544,0.041375
search,Search,21,5,13148,551,0.041908
search,Search,21,6,13148,575,0.043733
search,Search,21,7,13148,561,0.042668
search,Search,21,8,13148,534,0.040615
search,Search,21,9,13148,554,0.042136
search,Search,21,10,13148,549,0.041755
search,Search,21,11,13148,580,0.044113
search,Search,21,12,13148,583,0.044341
search,Search,21,13,13148,647,0.049209
search,Search,21,14,13148,536,0.040767
search,Search,21,15,13148,589,0.044798
search,Search,21,16,13148,618,0.047003
search,Search,21,17,13148,585,0.044493
search,Search,21,18,13148,598,0.045482
search,Search,21,19,13148,555,0.042212
search,Search,21,20,13148,605,0.046015
search,Search,21,21,13148,555,0.042212
search,Search,22,1,12706,550,0.043287
search,Search,22,2,12706,537,0.042263
search,Search,22,3,12706,522,0.041083
search,Search,22,4,12706,481,0.037856
search,Search,22,5,12706,511,0.040217
search,Search,22,6,12706,504,0.039666
search,Search,22,7,12706,510,0.040139
search,Search,22,8,12706,532,0.04187
search,Search,22,9,12706,511,0.040217
search,Search,22,10,12706,542,0.042657
search,Search,22,11,12706,537,0.042263
search,Search,22,12,12706,514,0.040453
search,Search,22,13,12706,536,0.042185
search,Search,22,14,12706,558,0.043916
search,Search,22,15,12706,542,0.042657
search,Search,22,16,12706,489,0.038486
search,Search,22,17,12706,505,0.039745
search,Search,22,18,12706,509,0.04006
search,Search,22,19,12706,540,0.0425
search,Search,22,20,12706,510,0.040139
search,Search,22,21,12706,550,0.043287
search,Search,22,22,12706,525,0.041319
search,Search,23,1,12339,502,0.040684
search,Search,23,2,12339,492,0.039874
search,Search,23,3,12339,495,0.040117
search,Search,23,4,12339,504,0.040846
search,Search,23,5,12339,470,0.038091
search,Search,23,6,12339,472,0.038253
search,Search,23,7,12339,483,0.039144
search,Search,23,8,12339,460,0.03728
search,Search,23,9,12339,480,0.038901
search,Search,23,10,12339,473,0.038334
search,Search,23,11,12339,467,0.037847
search,Search,23,12,12339,506,0.041008
search,Search,23,13,12339,522,0.042305
search,Search,23,14,12339,517,0.0419
search,Search,23,15,12339,473,0.038334
search,Search,23,16,12339,488,0.039549
search,Search,23,17,12339,474,0.038415
search,Search,23,18,12339,481,0.038982
search,Search,23,19,12339,506,0.041008
search,Search,23,20,12339,467,0.037847
search,Search,23,21,12339,484,0.039225
search,Search,23,22,12339,491,0.039793
search,Search,23,23,12339,464,0.037604
search,Search,24,1,14699,578,0.039322
search,Search,24,2,14699,555,0.037758
search,Search,24,3,14699,567,0.038574
search,Search,24,4,14699,549,0.037349
search,Search,24,5,14699,583,0.039663
search,Search,24,6,14699,568,0.038642
search,Search,24,7,14699,524,0.035649
search,Search,24,8,14699,548,0.037281
search,Search,24,9,14699,517,0.035172
search,Search,24,10,14699,541,0.036805
search,Search,24,11,14699,562,0.038234
search,Search,24,12,14699,571,0.038846
search,Search,24,13,14699,552,0.037554
search,Search,24,14,14699,558,0.037962
search,Search,24,15,14699,542,0.036873
search,Search,24,16,14699,628,0.042724
search,Search,24,17,14699,584,0.039731
search,Search,24,18,14699,536,0.036465
search,Search,24,19,14699,510,0.034696
search,Search,24,20,14699,584,0.039731
search,Search,24,21,14699,551,0.037486
search,Search,24,22,14699,581,0.039526
search,Search,24,23,14699,565,0.038438
search,Search,24,24,14699,558,0.037962
